FID,LINK_ID,POI_ID,SEQ_NUM,FAC_TYPE,POI_NAME,POI_LANGCD,POI_NMTYPE,POI_ST_NUM,ST_NUM_FUL,ST_NFUL_LC,ST_NAME,ST_LANGCD,POI_ST_SD,ACC_TYPE,PH_NUMBER,CHAIN_ID,NAT_IMPORT,PRIVATE,IN_VICIN,NUM_PARENT,NUM_CHILD,PERCFRREF,VANCITY_ID,ACT_ADDR,ACT_LANGCD,ACT_ST_NAM,ACT_ST_NUM,ACT_ADMIN,ACT_POSTAL,ENTR_TYPE
-1,127829361,38232351,1,8060,SETON MEDICAL CENTER COASTSIDE,ENG,B, , , , , ,R, ,650-5637100,0,N,N,N,0,1,1,0,"600 MARINE BLVD                                   MOSS BEACH, CA 94038",ENG,MARINE BLVD,600,"MOSS BEACH, CA",94038, 
-1,1212960491,17553733,1,8060,JOHN MUIR MEDICAL CENTER-WALNUT CREEK,ENG,B, , , , , ,L, ,925-9393000,0,N,N,N,10,1,21,0,"1601 YGNACIO VALLEY RD                            WALNUT CREEK, CA 94598",ENG,YGNACIO VALLEY RD,1601,"WALNUT CREEK, CA",94598, 
-1,1212960491,17553733,2,8060,JOHN MUIR MED CTR-WALNUT CREEK,ENG,J, , , , , ,L, ,925-9393000,0,N,N,N,10,1,21,0,"1601 YGNACIO VALLEY RD                            WALNUT CREEK, CA 94598",ENG,YGNACIO VALLEY RD,1601,"WALNUT CREEK, CA",94598, 
-1,127848876,17553660,1,8060,ALTA BATES SUMMIT MEDICAL CENTER-ALTA BATES CAMPUS,ENG,B, , , , , ,R, ,510-2044444,0,N,N,N,17,1,40,0,"2450 ASHBY AVE                                    BERKELEY, CA 94705",ENG,ASHBY AVE,2450,"BERKELEY, CA",94705, 
-1,127848876,17553660,2,8060,AB SMT MED CTR-ALTA BATES CAMPUS,ENG,J, , , , , ,R, ,510-2044444,0,N,N,N,17,1,40,0,"2450 ASHBY AVE                                    BERKELEY, CA 94705",ENG,ASHBY AVE,2450,"BERKELEY, CA",94705, 
-1,127826122,38231991,1,8060,SUTTER HEALTH CPMC-DAVIES CAMPUS-ER,ENG,B, , , , , ,L, ,415-6000600,0,N,N,N,13,0,80,0,"45 CASTRO ST                                      SAN FRANCISCO, CA 94114",ENG,CASTRO ST,45,"SAN FRANCISCO, CA",94114, 
-1,127827237,17553865,1,8060,ST LOUISE REGIONAL HOSPITAL,ENG,B, , , , , ,R, ,408-8482000,0,N,N,N,5,1,50,0,"9400 NO NAME UNO                                  GILROY, CA 95020",ENG,NO NAME UNO,9400,"GILROY, CA",95020, 
-1,1111268162,17553836,1,8060,ZUCKERBERG SF GENERAL HOSPITAL,ENG,B, , , , , ,L, ,628-2062800,0,N,N,N,21,3,60,0,"1001 POTRERO AVE                                  SAN FRANCISCO, CA 94110",ENG,POTRERO AVE,1001,"SAN FRANCISCO, CA",94110, 
-1,1111268162,17553836,2,8060,SAN FRANCISCO GENERAL HOSPITAL,ENG,S, , , , , ,L, ,628-2062800,0,N,N,N,21,3,60,0,"1001 POTRERO AVE                                  SAN FRANCISCO, CA 94110",ENG,POTRERO AVE,1001,"SAN FRANCISCO, CA",94110, 
-1,1212961335,1024195355,1,8060,KAISER PERMANENTE ANTIOCH MEDICAL CENTER-ER,ENG,B, , , , , ,L, ,925-8136500,0,N,N,N,1,0,50,0,"4501 SAND CREEK RD                                ANTIOCH, CA 94531",ENG,SAND CREEK RD,4501,"ANTIOCH, CA",94531, 
-1,1212961335,1024195355,2,8060,KAISER PERMANENTE ANTIOCH MED-ER,ENG,J, , , , , ,L, ,925-8136500,0,N,N,N,1,0,50,0,"4501 SAND CREEK RD                                ANTIOCH, CA 94531",ENG,SAND CREEK RD,4501,"ANTIOCH, CA",94531, 
-1,868627517,17557715,1,8060,VALLEYCARE MEDICAL CENTER,ENG,B, , , , , ,L, ,925-8473000,0,N,N,N,10,1,65,0,"5555 W LAS POSITAS BLVD                           PLEASANTON, CA 94588",ENG,W LAS POSITAS BLVD,5555,"PLEASANTON, CA",94588, 
-1,764254487,1161670846,1,8060,SONOMA WEST MEDICAL CENTER,ENG,B, , , , , ,R, ,707-8238511,0,N,N,N,0,1,40,0,"501 PETALUMA AVE                                  SEBASTOPOL, CA 95472",ENG,PETALUMA AVE,501,"SEBASTOPOL, CA",95472, 
-1,764254489,1161670847,1,8060,SONOMA WEST MEDICAL CENTER-ER,ENG,B, , , , , ,R, ,707-8238511,0,N,N,N,1,0,50,0,"501 PETALUMA AVE                                  SEBASTOPOL, CA 95472",ENG,PETALUMA AVE,501,"SEBASTOPOL, CA",95472, 
-1,763933960,38231999,1,8060,JOHN MUIR MEDICAL CENTER-WALNUT CREEK-ER,ENG,B, , , , , ,L, ,925-9395800,0,N,N,N,11,0,1,0,"1601 YGNACIO VALLEY RD                            WALNUT CREEK, CA 94598",ENG,YGNACIO VALLEY RD,1601,"WALNUT CREEK, CA",94598, 
-1,763933960,38231999,2,8060,JOHN MUIR MED CTR-WALNUT CREEK-ER,ENG,J, , , , , ,L, ,925-9395800,0,N,N,N,11,0,1,0,"1601 YGNACIO VALLEY RD                            WALNUT CREEK, CA 94598",ENG,YGNACIO VALLEY RD,1601,"WALNUT CREEK, CA",94598, 
-1,23599191,38232055,1,8060,ST FRANCIS MEMORIAL HOSPITAL-ER,ENG,B, , , ,BUSH ST,ENG,L, ,415-3536300,0,N,N,N,12,0,45,0,"900 HYDE ST                                       SAN FRANCISCO, CA 94109",ENG,HYDE ST,900,"SAN FRANCISCO, CA",94109, 
-1,718228414,38232016,1,8060,UCSF MEDICAL CENTER-PARNASSUS-ER,ENG,B, , , , , ,L, ,415-3531037,0,N,N,N,2,0,1,0,"505 PARNASSUS AVE                                 SAN FRANCISCO, CA 94143",ENG,PARNASSUS AVE,505,"SAN FRANCISCO, CA",94143, 
-1,127827042,38232038,1,8060,KAISER PERMANENTE-WALNUT CREEK MEDICAL CENTER-ER,ENG,B, , , , , ,L, ,925-2954070,0,N,N,N,16,0,1,0,"1425 S MAIN ST                                    WALNUT CREEK, CA 94596",ENG,S MAIN ST,1425,"WALNUT CREEK, CA",94596, 
-1,127827042,38232038,2,8060,KAISER PERMANENTE-WALNUT CREEK-ER,ENG,J, , , , , ,L, ,925-2954070,0,N,N,N,16,0,1,0,"1425 S MAIN ST                                    WALNUT CREEK, CA 94596",ENG,S MAIN ST,1425,"WALNUT CREEK, CA",94596, 
-1,23607701,17553681,1,8060,CHINESE HOSPITAL,ENG,B,845, , ,JACKSON ST,ENG,R, ,415-9822400,0,N,N,N,11,2,80,0, , , , , , , 
-1,127827127,38232047,1,8060,MEE MEMORIAL HOSPITAL-ER,ENG,B, , , , , ,L, ,831-3857220,0,N,N,N,7,0,1,0,"300 CANAL ST                                      KING CITY, CA 93930",ENG,CANAL ST,300,"KING CITY, CA",93930, 
-1,127827076,17553856,1,8060,SETON MEDICAL CENTER,ENG,B, , , , , ,R, ,650-9924000,0,N,N,N,10,1,90,21010233,"1900 SULLIVAN AVE                                 DALY CITY, CA 94015",ENG,SULLIVAN AVE,1900,"DALY CITY, CA",94015, 
-1,763679049,27590723,1,8060,HAZEL HAWKINS MEMORIAL HOSPITAL,ENG,B, , , , , ,L, ,831-6375711,0,N,N,N,0,1,70,0,"911 SUNSET DR                                     HOLLISTER, CA 95023",ENG,SUNSET DR,911,"HOLLISTER, CA",95023, 
-1,1212961161,38231992,1,8060,SUTTER DELTA MEDICAL CENTER-ER,ENG,B, , , , , ,L, ,925-7797200,0,N,N,N,9,0,80,0,"3901 LONE TREE WAY                                ANTIOCH, CA 94509",ENG,LONE TREE WAY,3901,"ANTIOCH, CA",94509, 
-1,127828920,38232276,1,8060,ALTA BATES MEDICAL CENTER-SUMMIT CAMPUS-ER,ENG,B, , , ,34TH ST,ENG,L, ,510-6554000,0,N,N,N,32,0,99,0,"350 HAWTHORNE AVE                                 OAKLAND, CA 94609",ENG,HAWTHORNE AVE,350,"OAKLAND, CA",94609, 
-1,127828920,38232276,2,8060,ALTA BATES-SUMMIT CAMPUS-ER,ENG,J, , , ,34TH ST,ENG,L, ,510-6554000,0,N,N,N,32,0,99,0,"350 HAWTHORNE AVE                                 OAKLAND, CA 94609",ENG,HAWTHORNE AVE,350,"OAKLAND, CA",94609, 
-1,1049162821,1138723629,1,8060,KAISER PERMANENTE-SAN LEANDRO-ER,ENG,B, , , , , ,L, ,510-4541000,0,N,N,N,13,0,60,0,"2500 MERCED ST                                    SAN LEANDRO, CA 94577",ENG,MERCED ST,2500,"SAN LEANDRO, CA",94577, 
-1,1049162874,1138723628,1,8060,KAISER PERMANENTE-SAN LEANDRO,ENG,B, , , , , ,R, ,510-4541000,0,N,N,N,12,1,50,0,"2500 MERCED ST                                    SAN LEANDRO, CA 94577",ENG,MERCED ST,2500,"SAN LEANDRO, CA",94577, 
-1,722677504,898986716,1,8060,KAISER PERMANENTE-SANTA CLARA MEDICAL CENTER-ER,ENG,B, , , , , ,L, ,408-8515300,0,N,N,N,9,0,20,0,"700 LAWRENCE EXPY                                 SANTA CLARA, CA 95051",ENG,LAWRENCE EXPY,700,"SANTA CLARA, CA",95051, 
-1,722677504,898986716,2,8060,KAISER PERMANENTE-SANTA CLARA-ER,ENG,J, , , , , ,L, ,408-8515300,0,N,N,N,9,0,20,0,"700 LAWRENCE EXPY                                 SANTA CLARA, CA 95051",ENG,LAWRENCE EXPY,700,"SANTA CLARA, CA",95051, 
-1,786703253,38232281,1,8060,SAN LEANDRO HOSPITAL-ER,ENG,B, , , , , ,L, ,510-6674545,0,N,N,N,22,0,80,0,"13855 E 14TH ST                                   SAN LEANDRO, CA 94578",ENG,E 14TH ST,13855,"SAN LEANDRO, CA",94578, 
-1,127828517,17553750,1,8060,KAISER PERMANENTE-SANTA ROSA MEDICAL CENTER,ENG,B, , , , , ,R, ,707-3934000,0,N,N,N,11,1,99,0,"401 BICENTENNIAL WAY                              SANTA ROSA, CA 95403",ENG,BICENTENNIAL WAY,401,"SANTA ROSA, CA",95403, 
-1,127828517,17553750,2,8060,KAISER PERMANENTE-SANTA ROSA MED,ENG,J, , , , , ,R, ,707-3934000,0,N,N,N,11,1,99,0,"401 BICENTENNIAL WAY                              SANTA ROSA, CA 95403",ENG,BICENTENNIAL WAY,401,"SANTA ROSA, CA",95403, 
-1,763679662,17553864,1,8060,SONOMA VALLEY HOSPITAL,ENG,B, , , , , ,R, ,707-9355000,0,N,N,N,0,1,45,0,"347 ANDRIEUX ST                                   SONOMA, CA 95476",ENG,ANDRIEUX ST,347,"SONOMA, CA",95476, 
-1,762824352,38232043,1,8060,SETON MEDICAL CENTER-ER,ENG,B, , , , , ,R, ,650-9916892,0,N,N,N,11,0,86,21010233,"1900 SULLIVAN AVE                                 DALY CITY, CA 94015",ENG,SULLIVAN AVE,1900,"DALY CITY, CA",94015, 
-1,755554586,38232013,1,8060,ST MARY'S MEDICAL CENTER-ER,ENG,B, , , , , ,R, ,415-6681000,0,N,N,N,9,0,10,0,"450 STANYAN ST                                    SAN FRANCISCO, CA 94117",ENG,STANYAN ST,450,"SAN FRANCISCO, CA",94117, 
-1,1212960406,17553843,1,8060,SAN RAMON REGIONAL MEDICAL CTR,ENG,B, , , , , ,R, ,925-2759200,0,N,N,N,4,1,51,0,"6001 NORRIS CANYON RD                             SAN RAMON, CA 94583",ENG,NORRIS CANYON RD,6001,"SAN RAMON, CA",94583, 
-1,127828799,17562328,1,8060,COMMUNITY HOSPITAL OF THE MONTEREY PENINSULA,ENG,B, , , , , ,R, ,831-6245311,0,N,N,N,1,1,60,0,"23625 HOLMAN HWY                                  MONTEREY, CA 93940",ENG,HOLMAN HWY,23625,"MONTEREY, CA",93940, 
-1,127828799,17562328,2,8060,COMMUNITY HOSPITAL-MONTEREY,ENG,J, , , , , ,R, ,831-6245311,0,N,N,N,1,1,60,0,"23625 HOLMAN HWY                                  MONTEREY, CA 93940",ENG,HOLMAN HWY,23625,"MONTEREY, CA",93940, 
-1,1089255661,38232347,1,8060,SEQUOIA HOSPITAL,ENG,B, , , , , ,L, ,650-3695811,0,N,N,N,8,1,70,0,"170 ALAMEDA DE LAS PULGAS                         REDWOOD CITY, CA 94062",ENG,ALAMEDA DE LAS PULGAS,170,"REDWOOD CITY, CA",94062, 
-1,1034357555,1136268137,1,8060,KAISER PERMANENTE-VACAVILLE MEDICAL CENTER,ENG,B,1, , ,QUALITY DR,ENG,L, ,707-6244000,0,N,N,N,8,1,60,0, , , , , , , 
-1,1034357555,1136268137,2,8060,KAISER PERMANENTE-VACAVILLE MED CTR,ENG,J,1, , ,QUALITY DR,ENG,L, ,707-6244000,0,N,N,N,8,1,60,0, , , , , , , 
-1,936162826,17553658,1,8060,REGIONAL MEDICAL CTR OF SAN JOSE,ENG,B, , , , , ,R, ,408-2595000,0,N,N,N,17,2,50,0,"225 N JACKSON AVE                                 SAN JOSE, CA 95116",ENG,N JACKSON AVE,225,"SAN JOSE, CA",95116, 
-1,127829309,38232345,1,8060,SAN MATEO MEDICAL CENTER,ENG,B, , , , , ,L, ,650-5732222,0,N,N,N,17,1,50,0,"222 W 39TH AVE                                    SAN MATEO, CA 94403",ENG,W 39TH AVE,222,"SAN MATEO, CA",94403, 
-1,127828440,38232143,1,8060,KAISER PERMANENTE-VALLEJO MEDICAL CENTER-ER,ENG,B, , , , , ,R, ,707-6511000,0,N,N,N,14,0,40,0,"975 SERENO DR                                     VALLEJO, CA 94589",ENG,SERENO DR,975,"VALLEJO, CA",94589, 
-1,127828440,38232143,2,8060,KAISER PERMANENTE-VALLEJO-ER,ENG,J, , , , , ,R, ,707-6511000,0,N,N,N,14,0,40,0,"975 SERENO DR                                     VALLEJO, CA 94589",ENG,SERENO DR,975,"VALLEJO, CA",94589, 
-1,762826382,17553916,1,8060,WASHINGTON HOSPITAL HEALTHCARE SYSTEM,ENG,B, , , , , ,R, ,510-7971111,0,N,N,N,6,1,99,0,"2000 MOWRY AVE                                    FREMONT, CA 94538",ENG,MOWRY AVE,2000,"FREMONT, CA",94538, 
-1,762826382,17553916,2,8060,WASHINGTON HOSP HEALTHCARE SYS,ENG,J, , , , , ,R, ,510-7971111,0,N,N,N,6,1,99,0,"2000 MOWRY AVE                                    FREMONT, CA 94538",ENG,MOWRY AVE,2000,"FREMONT, CA",94538, 
-1,1123317539,17553883,1,8060,ALTA BATES MEDICAL CENTER-SUMMIT CAMPUS,ENG,B, , , , , ,R, ,510-6554000,0,N,N,N,31,1,90,0,"350 HAWTHORNE AVE                                 OAKLAND, CA 94609",ENG,HAWTHORNE AVE,350,"OAKLAND, CA",94609, 
-1,1123317539,17553883,2,8060,ALTA BATES MEDICAL CTR-SMT CAMPUS,ENG,J, , , , , ,R, ,510-6554000,0,N,N,N,31,1,90,0,"350 HAWTHORNE AVE                                 OAKLAND, CA 94609",ENG,HAWTHORNE AVE,350,"OAKLAND, CA",94609, 
-1,23667233,38232002,1,8060,KAISER PERMANENTE-RICHMOND MEDICAL CENTER-ER,ENG,B, , , ,NEVIN AVE,ENG,L, ,510-3071566,0,N,N,N,20,0,99,0,"901 NEVIN AVE                                     RICHMOND, CA 94801",ENG,NEVIN AVE,901,"RICHMOND, CA",94801, 
-1,23667233,38232002,2,8060,KAISER PERMANENTE-RICHMOND MED-ER,ENG,J, , , ,NEVIN AVE,ENG,L, ,510-3071566,0,N,N,N,20,0,99,0,"901 NEVIN AVE                                     RICHMOND, CA 94801",ENG,NEVIN AVE,901,"RICHMOND, CA",94801, 
-1,782793612,38232280,1,8060,WASHINGTON HOSPITAL HEALTHCARE SYSTEM-ER,ENG,B, , , , , ,L, ,510-7971111,0,N,N,N,5,0,70,0,"2000 MOWRY AVE                                    FREMONT, CA 94538",ENG,MOWRY AVE,2000,"FREMONT, CA",94538, 
-1,782793612,38232280,2,8060,WASHINGTON HOSP HEALTHCARE SYS-ER,ENG,J, , , , , ,L, ,510-7971111,0,N,N,N,5,0,70,0,"2000 MOWRY AVE                                    FREMONT, CA 94538",ENG,MOWRY AVE,2000,"FREMONT, CA",94538, 
-1,938205603,17557670,1,8060,CONTRA COSTA REGIONAL MEDICAL CENTER,ENG,B, , , , , ,L, ,925-3705000,0,N,N,N,9,1,50,0,"2500 ALHAMBRA AVE                                 MARTINEZ, CA 94553",ENG,ALHAMBRA AVE,2500,"MARTINEZ, CA",94553, 
-1,938205603,17557670,2,8060,CONTRA COSTA REGIONAL MED CTR,ENG,J, , , , , ,L, ,925-3705000,0,N,N,N,9,1,50,0,"2500 ALHAMBRA AVE                                 MARTINEZ, CA 94553",ENG,ALHAMBRA AVE,2500,"MARTINEZ, CA",94553, 
-1,1167218761,17553741,1,8060,KAISER PERMANENTE-REDWOOD CITY MEDICAL CENTER,ENG,B, , , , , ,R, ,650-2992000,0,N,N,N,8,1,40,0,"1100 VETERANS BLVD                                REDWOOD CITY, CA 94063",ENG,VETERANS BLVD,1100,"REDWOOD CITY, CA",94063, 
-1,1167218761,17553741,2,8060,KAISER PERMANENTE-REDWOOD CITY,ENG,J, , , , , ,R, ,650-2992000,0,N,N,N,8,1,40,0,"1100 VETERANS BLVD                                REDWOOD CITY, CA 94063",ENG,VETERANS BLVD,1100,"REDWOOD CITY, CA",94063, 
-1,120887257,17553747,1,8060,KAISER PERMANENTE-SAN FRANCISCO MEDICAL CENTER,ENG,B,2425, , ,GEARY BLVD,ENG,R, ,415-8332000,0,N,N,N,7,3,89,0, , , , , , , 
-1,120887257,17553747,2,8060,KAISER PERMANENTE-SAN FRANCISCO,ENG,J,2425, , ,GEARY BLVD,ENG,R, ,415-8332000,0,N,N,N,7,3,89,0, , , , , , , 
-1,1191468608,1185680403,1,8060,JOHN MUIR OUTPATIENT CENTER-WALNUT CREEK,ENG,B, , , , , ,R, ,925-2969700,0,N,N,N,11,1,99,0,"1450 TREAT BLVD                                   WALNUT CREEK, CA 94597",ENG,TREAT BLVD,1450,"WALNUT CREEK, CA",94597, 
-1,1191468608,1185680403,2,8060,JOHN MUIR OUTPATIENT CTR-WALNUT CRK,ENG,J, , , , , ,R, ,925-2969700,0,N,N,N,11,1,99,0,"1450 TREAT BLVD                                   WALNUT CREEK, CA 94597",ENG,TREAT BLVD,1450,"WALNUT CREEK, CA",94597, 
-1,1191468608,1185680404,1,8060,JOHN MUIR OUTPATIENT CENTER-WALNUT CREEK-ER,ENG,B, , , , , ,R, ,925-2969000,0,N,N,N,12,0,90,0,"1450 TREAT BLVD                                   WALNUT CREEK, CA 94597",ENG,TREAT BLVD,1450,"WALNUT CREEK, CA",94597, 
-1,1191468608,1185680404,2,8060,J MUIR OUTPATIENT CTR-WALNUT CRK-ER,ENG,J, , , , , ,R, ,925-2969000,0,N,N,N,12,0,90,0,"1450 TREAT BLVD                                   WALNUT CREEK, CA 94597",ENG,TREAT BLVD,1450,"WALNUT CREEK, CA",94597, 
-1,825670520,38232060,1,8060,PETALUMA VALLEY HOSPITAL-ER,ENG,B, , , , , ,R, ,707-7781111,0,N,N,N,7,0,35,0,"400 N MCDOWELL BLVD                               PETALUMA, CA 94954",ENG,N MCDOWELL BLVD,400,"PETALUMA, CA",94954, 
-1,1204512412,38232003,1,8060,NATIVIDAD MEDICAL CENTER-ER,ENG,B, , , , , ,R, ,831-7556268,0,N,N,N,13,0,80,0,"1441 CONSTITUTION BLVD                            SALINAS, CA 93906",ENG,CONSTITUTION BLVD,1441,"SALINAS, CA",93906, 
-1,127826257,38232012,1,8060,SUTTER HEALTH CPMC-ST LUKE'S-ER,ENG,B, , , , , ,L, ,415-6416625,0,N,N,N,19,0,99,0,"3555 CESAR CHAVEZ                                 SAN FRANCISCO, CA 94110",ENG,CESAR CHAVEZ,3555,"SAN FRANCISCO, CA",94110, 
-1,127829309,38232346,1,8060,SAN MATEO MEDICAL CENTER-ER,ENG,B, , , , , ,L, ,650-5732222,0,N,N,N,18,0,60,0,"222 W 39TH AVE                                    SAN MATEO, CA 94403",ENG,W 39TH AVE,222,"SAN MATEO, CA",94403, 
-1,1212961161,17553693,1,8060,SUTTER DELTA MEDICAL CENTER,ENG,B, , , , , ,L, ,925-7797200,0,N,N,N,8,1,30,0,"3901 LONE TREE WAY                                ANTIOCH, CA 94509",ENG,LONE TREE WAY,3901,"ANTIOCH, CA",94509, 
-1,763935277,38232142,1,8060,SUTTER SOLANO MEDICAL CENTER-ER,ENG,B, , , , , ,L, ,707-5544444,0,N,N,N,17,0,50,0,"300 HOSPITAL DR                                   VALLEJO, CA 94589",ENG,HOSPITAL DR,300,"VALLEJO, CA",94589, 
-1,755554586,17553878,1,8060,ST MARY'S MEDICAL CENTER,ENG,B, , , , , ,R, ,415-6681000,0,N,N,N,8,2,70,0,"450 STANYAN ST                                    SAN FRANCISCO, CA 94117",ENG,STANYAN ST,450,"SAN FRANCISCO, CA",94117, 
-1,1212958671,17553845,1,8060,SANTA CLARA VALLEY MEDICAL CTR-ER,ENG,B, , , , , ,R, ,408-8855000,0,N,N,N,22,0,43,0,"751 S BASCOM AVE                                  SAN JOSE, CA 95128",ENG,S BASCOM AVE,751,"SAN JOSE, CA",95128, 
-1,938584274,38232051,1,8060,HAZEL HAWKINS MEMORIAL HOSPITAL-ER,ENG,B, , , , , ,R, ,831-6372640,0,N,N,N,1,0,40,0,"911 SUNSET DR                                     HOLLISTER, CA 95023",ENG,SUNSET DR,911,"HOLLISTER, CA",95023, 
-1,914007090,38234700,1,8060,UCSF BENIOFF CHILDREN'S HOSPITAL-OAKLAND-ER,ENG,B, , , , , ,R, ,510-4283000,0,N,N,N,30,0,1,0,"747 52ND ST                                       OAKLAND, CA 94609",ENG,52ND ST,747,"OAKLAND, CA",94609, 
-1,914007090,38234700,2,8060,BENIOFF CHILDREN'S HOSP-OAKLAND-ER,ENG,J, , , , , ,R, ,510-4283000,0,N,N,N,30,0,1,0,"747 52ND ST                                       OAKLAND, CA 94609",ENG,52ND ST,747,"OAKLAND, CA",94609, 
-1,758048809,996795099,1,8060,LUCILE PACKARD CHILDREN'S HOSPITAL STANFORD,ENG,B, , , ,WELCH RD,ENG,L, ,650-4978000,0,N,N,N,7,1,90,0,"725 WELCH RD                                      PALO ALTO, CA 94304",ENG,WELCH RD,725,"PALO ALTO, CA",94304, 
-1,758048809,996795099,2,8060,LUCILE PACKARD CHILDREN'S HOSP,ENG,J, , , ,WELCH RD,ENG,L, ,650-4978000,0,N,N,N,7,1,90,0,"725 WELCH RD                                      PALO ALTO, CA 94304",ENG,WELCH RD,725,"PALO ALTO, CA",94304, 
-1,127826277,996795098,1,8060,LUCILE PACKARD CHILDREN'S HOSPITAL STANFORD-ER,ENG,B, , , , , ,L, ,650-7235111,0,N,N,N,7,0,99,0,"725 WELCH RD                                      PALO ALTO, CA 94304",ENG,WELCH RD,725,"PALO ALTO, CA",94304, 
-1,127826277,996795098,2,8060,LUCILE PACKARD CHILDREN'S HOSP-ER,ENG,J, , , , , ,L, ,650-7235111,0,N,N,N,7,0,99,0,"725 WELCH RD                                      PALO ALTO, CA 94304",ENG,WELCH RD,725,"PALO ALTO, CA",94304, 
-1,915355934,38232000,1,8060,MARIN GENERAL HOSPITAL-ER,ENG,B, , , , , ,R, ,415-9257200,0,N,N,N,14,0,58,0,"250 BON AIR RD                                    GREENBRAE, CA 94904",ENG,BON AIR RD,250,"GREENBRAE, CA",94904, 
-1,1204253651,38232080,1,8060,REGIONAL MEDICAL CTR OF SAN JOSE-ER,ENG,B, , , , , ,L, ,408-2595000,0,N,N,N,18,0,52,0,"225 N JACKSON AVE                                 SAN JOSE, CA 95116",ENG,N JACKSON AVE,225,"SAN JOSE, CA",95116, 
-1,837832173,38232145,1,8060,KAISER PERMANENTE-SANTA ROSA MEDICAL CENTER-ER,ENG,B, , , , , ,L, ,707-3934000,0,N,N,N,12,0,44,0,"401 BICENTENNIAL WAY                              SANTA ROSA, CA 95403",ENG,BICENTENNIAL WAY,401,"SANTA ROSA, CA",95403, 
-1,837832173,38232145,2,8060,KAISER PERMANENTE-SANTA ROSA MED-ER,ENG,J, , , , , ,L, ,707-3934000,0,N,N,N,12,0,44,0,"401 BICENTENNIAL WAY                              SANTA ROSA, CA 95403",ENG,BICENTENNIAL WAY,401,"SANTA ROSA, CA",95403, 
-1,23607187,17553868,1,8060,ST FRANCIS MEMORIAL HOSPITAL,ENG,B,900, , ,HYDE ST,ENG,R, ,415-3536000,0,N,N,N,11,2,65,0, , , , , , , 
-1,1085542453,38232350,1,8060,KAISER PERMANENTE-REDWOOD CITY MEDICAL CENTER-ER,ENG,B, , , , , ,R, ,650-2992200,0,N,N,N,9,0,60,0,"1100 VETERANS BLVD                                REDWOOD CITY, CA 94063",ENG,VETERANS BLVD,1100,"REDWOOD CITY, CA",94063, 
-1,1085542453,38232350,2,8060,KAISER PERMANENTE-REDWOOD CITY-ER,ENG,J, , , , , ,R, ,650-2992200,0,N,N,N,9,0,60,0,"1100 VETERANS BLVD                                REDWOOD CITY, CA 94063",ENG,VETERANS BLVD,1100,"REDWOOD CITY, CA",94063, 
-1,127826216,17553820,1,8060,QUEEN OF THE VALLEY MEDICAL CTR,ENG,B, , , , , ,R, ,707-2524411,0,N,N,N,0,1,55,0,"1000 TRANCAS ST                                   NAPA, CA 94558",ENG,TRANCAS ST,1000,"NAPA, CA",94558, 
-1,127829376,17553744,1,8060,KAISER PERMANENTE-SOUTH SAN FRANCISCO MEDICAL CENTER,ENG,B, , , , , ,R, ,650-7422000,0,N,N,N,14,1,50,0,"1200 EL CAMINO REAL                               SOUTH SAN FRANCISCO, CA 94080",ENG,EL CAMINO REAL,1200,"SOUTH SAN FRANCISCO, CA",94080, 
-1,127829376,17553744,2,8060,KAISER PERMANENTE-S SAN FRANCISCO,ENG,J, , , , , ,R, ,650-7422000,0,N,N,N,14,1,50,0,"1200 EL CAMINO REAL                               SOUTH SAN FRANCISCO, CA 94080",ENG,EL CAMINO REAL,1200,"SOUTH SAN FRANCISCO, CA",94080, 
-1,1020598389,38232008,1,8060,SALINAS VALLEY MEMORIAL HOSPITAL-ER,ENG,B, , , , , ,R, ,831-7550700,0,N,N,N,12,0,30,0,"450 E ROMIE LN                                    SALINAS, CA 93901",ENG,E ROMIE LN,450,"SALINAS, CA",93901, 
-1,1212960668,17553789,1,8060,JOHN MUIR MEDICAL CENTER-CONCORD,ENG,B, , , , , ,L, ,925-6828200,0,N,N,N,14,1,70,0,"2540 EAST ST                                      CONCORD, CA 94520",ENG,EAST ST,2540,"CONCORD, CA",94520, 
-1,127826244,17553849,1,8060,SANTA ROSA MEMORIAL HOSPITAL,ENG,B, , , , , ,L, ,707-5255300,0,N,N,N,11,1,99,0,"1165 MONTGOMERY DR                                SANTA ROSA, CA 95405",ENG,MONTGOMERY DR,1165,"SANTA ROSA, CA",95405, 
-1,766656025,38231990,1,8060,SUTTER HEALTH CPMC-PACIFIC CAMPUS-ER,ENG,B, , , , , ,L, ,415-6003333,0,N,N,N,12,0,70,0,"2333 BUCHANAN ST                                  SAN FRANCISCO, CA 94115",ENG,BUCHANAN ST,2333,"SAN FRANCISCO, CA",94115, 
-1,766656025,38231990,2,8060,SUTTER HEALTH CPMC-PAC CAMPUS-ER,ENG,J, , , , , ,L, ,415-6003333,0,N,N,N,12,0,70,0,"2333 BUCHANAN ST                                  SAN FRANCISCO, CA 94115",ENG,BUCHANAN ST,2333,"SAN FRANCISCO, CA",94115, 
-1,825670519,17557548,1,8060,PETALUMA VALLEY HOSPITAL,ENG,B, , , , , ,R, ,707-7781111,0,N,N,N,6,1,50,0,"400 N MCDOWELL BLVD                               PETALUMA, CA 94954",ENG,N MCDOWELL BLVD,400,"PETALUMA, CA",94954, 
-1,1076171887,38232146,1,8060,SUTTER SANTA ROSA REGIONAL HOSP-ER,ENG,B, , , , , ,R, ,707-5764040,0,N,N,N,9,0,70,0,"30 MARK WEST SPRINGS RD                           SANTA ROSA, CA 95403",ENG,MARK WEST SPRINGS RD,30,"SANTA ROSA, CA",95403, 
-1,967694165,17553701,1,8060,EDEN MEDICAL CENTER-ER,ENG,B, , , , , ,L, ,510-8895015,0,N,N,N,16,0,20,0,"20103 LAKE CHABOT RD                              CASTRO VALLEY, CA 94546",ENG,LAKE CHABOT RD,20103,"CASTRO VALLEY, CA",94546, 
-1,127826277,38232015,1,8060,STANFORD HOSPITAL-ER,ENG,B, , , , , ,L, ,650-7235111,0,N,N,N,7,0,99,0,"900 QUARRY ROAD EX                                PALO ALTO, CA 94304",ENG,QUARRY ROAD EX,900,"PALO ALTO, CA",94304, 
-1,967694168,38232282,1,8060,EDEN MEDICAL CENTER,ENG,B, , , , , ,L, ,510-5371234,0,N,N,N,15,1,50,0,"20103 LAKE CHABOT RD                              CASTRO VALLEY, CA 94546",ENG,LAKE CHABOT RD,20103,"CASTRO VALLEY, CA",94546, 
-1,757453027,38232079,1,8060,GOOD SAMARITAN HOSPITAL-SAN JOSE-ER,ENG,B, , , , , ,R, ,408-5592552,0,N,N,N,13,0,50,0,"2425 SAMARITAN DR                                 SAN JOSE, CA 95124",ENG,SAMARITAN DR,2425,"SAN JOSE, CA",95124,1
-1,762825710,38232053,1,8060,NORTHBAY MEDICAL CENTER-ER,ENG,B, , , , , ,R, ,707-6465000,0,N,N,N,8,0,70,0,"1200 B GALE WILSON BLVD                           FAIRFIELD, CA 94533",ENG,B GALE WILSON BLVD,1200,"FAIRFIELD, CA",94533, 
-1,825604782,38232144,1,8060,ADVENTIST HEALTH-ST HELENA-ER,ENG,B, , , ,WOODLAND RD,ENG,R, ,707-9636425,0,N,N,N,1,0,79,0,"10 WOODLAND RD                                    ST HELENA, CA 94574",ENG,WOODLAND RD,10,"ST HELENA, CA",94574, 
-1,127829344,38232348,1,8060,SEQUOIA HOSPITAL-ER,ENG,B, , , , , ,R, ,650-3675541,0,N,N,N,9,0,50,0,"170 ALAMEDA DE LAS PULGAS                         REDWOOD CITY, CA 94062",ENG,ALAMEDA DE LAS PULGAS,170,"REDWOOD CITY, CA",94062, 
-1,127826221,38232007,1,8060,QUEEN OF THE VALLEY MEDICAL CTR-ER,ENG,B, , , , , ,L, ,707-2574038,0,N,N,N,1,0,50,0,"1000 TRANCAS ST                                   NAPA, CA 94558",ENG,TRANCAS ST,1000,"NAPA, CA",94558, 
-1,757992226,17553850,1,8060,KAISER PERMANENTE SAN JOSE MEDICAL CENTER,ENG,B, , , ,HOSPITAL PKWY,ENG,R, ,408-9723000,0,N,N,N,10,2,1,0,"250 HOSPITAL PKWY                                 SAN JOSE, CA 95119",ENG,HOSPITAL PKWY,250,"SAN JOSE, CA",95119, 
-1,757992226,17553850,2,8060,KAISER PERMANENTE SAN JOSE,ENG,J, , , ,HOSPITAL PKWY,ENG,R, ,408-9723000,0,N,N,N,10,2,1,0,"250 HOSPITAL PKWY                                 SAN JOSE, CA 95119",ENG,HOSPITAL PKWY,250,"SAN JOSE, CA",95119, 
-1,127828933,17553657,1,8060,ALAMEDA HOSPITAL,ENG,B, , , , , ,L, ,510-5223700,0,N,N,N,7,1,50,0,"2070 CLINTON AVE                                  ALAMEDA, CA 94501",ENG,CLINTON AVE,2070,"ALAMEDA, CA",94501, 
-1,1020325150,38232014,1,8060,ST ROSE HOSPITAL-ER,ENG,B, , , , , ,L, ,510-2644026,0,N,N,N,14,0,40,0,"27200 CALAROGA AVE                                HAYWARD, CA 94545",ENG,CALAROGA AVE,27200,"HAYWARD, CA",94545, 
-1,127828431,17553752,1,8060,KAISER PERMANENTE-VALLEJO MEDICAL CENTER,ENG,B, , , , , ,L, ,707-6511000,0,N,N,N,13,1,50,0,"975 SERENO DR                                     VALLEJO, CA 94589",ENG,SERENO DR,975,"VALLEJO, CA",94589, 
-1,127828431,17553752,2,8060,KAISER PERMANENTE-VALLEJO,ENG,J, , , , , ,L, ,707-6511000,0,N,N,N,13,1,50,0,"975 SERENO DR                                     VALLEJO, CA 94589",ENG,SERENO DR,975,"VALLEJO, CA",94589, 
-1,779337378,1001216478,1,8060,CALIFORNIA PACIFIC WOMEN & CHILDREN MEDICAL CENTER-ER,ENG,B, , , , , ,R, ,415-6004444,0,N,N,N,7,0,80,0,"3700 CALIFORNIA ST                                SAN FRANCISCO, CA 94118",ENG,CALIFORNIA ST,3700,"SAN FRANCISCO, CA",94118, 
-1,779337378,1001216478,2,8060,CALIFORNIA PACIFIC WOMEN&CHLDRN-ER,ENG,J, , , , , ,R, ,415-6004444,0,N,N,N,7,0,80,0,"3700 CALIFORNIA ST                                SAN FRANCISCO, CA 94118",ENG,CALIFORNIA ST,3700,"SAN FRANCISCO, CA",94118, 
-1,779337378,1001216478,3,8060,SUTTER HEALTH CPMC-CA CAMPUS-ER,ENG,S, , , , , ,R, ,415-6004444,0,N,N,N,7,0,80,0,"3700 CALIFORNIA ST                                SAN FRANCISCO, CA 94118",ENG,CALIFORNIA ST,3700,"SAN FRANCISCO, CA",94118, 
-1,947155231,1001216479,1,8060,CALIFORNIA PACIFIC WOMEN & CHILDREN MEDICAL CENTER,ENG,B,3700, , ,CALIFORNIA ST,ENG,L, ,415-6000500,0,N,N,N,6,2,40,0, , , , , , , 
-1,947155231,1001216479,2,8060,CALIFORNIA PACIFIC WOMEN&CHLDRN,ENG,J,3700, , ,CALIFORNIA ST,ENG,L, ,415-6000500,0,N,N,N,6,2,40,0, , , , , , , 
-1,947155231,1001216479,3,8060,SUTTER HEALTH CPMC-CA CAMPUS,ENG,S,3700, , ,CALIFORNIA ST,ENG,L, ,415-6000500,0,N,N,N,6,2,40,0, , , , , , , 
-1,756377722,17557537,1,8060,EL CAMINO HOSPITAL-LOS GATOS,ENG,B, , , , , ,R, ,408-3786131,0,N,N,N,8,2,50,0,"815 POLLARD RD                                    LOS GATOS, CA 95032",ENG,POLLARD RD,815,"LOS GATOS, CA",95032, 
-1,837160978,17553702,1,8060,EL CAMINO HOSPITAL-MOUNTAIN VIEW,ENG,B, , , , , ,L, ,650-9407000,0,N,N,N,15,1,50,0,"2500 GRANT RD                                     MOUNTAIN VIEW, CA 94040",ENG,GRANT RD,2500,"MOUNTAIN VIEW, CA",94040, 
-1,28414227,17553881,1,8060,STANFORD HOSPITAL,ENG,B,300, , ,PASTEUR DR,ENG,R, ,650-7234000,0,N,N,N,4,4,99,0, , , , , , , 
-1,1054623103,38232001,1,8060,KAISER PERMANENTE-OAKLAND MEDICAL CENTER-ER,ENG,B, , , , , ,R, ,510-7521000,0,N,N,N,33,0,90,0,"3600 BROADWAY                                     OAKLAND, CA 94611",ENG,BROADWAY,3600,"OAKLAND, CA",94611, 
-1,1054623103,38232001,2,8060,KAISER PERMANENTE-OAKLAND MED-ER,ENG,J, , , , , ,R, ,510-7521000,0,N,N,N,33,0,90,0,"3600 BROADWAY                                     OAKLAND, CA 94611",ENG,BROADWAY,3600,"OAKLAND, CA",94611, 
-1,915355934,17553769,1,8060,MARIN GENERAL HOSPITAL,ENG,B, , , , , ,R, ,415-9257000,0,N,N,N,13,1,30,0,"250 BON AIR RD                                    GREENBRAE, CA 94904",ENG,BON AIR RD,250,"GREENBRAE, CA",94904, 
-1,755153777,17553875,1,8060,SUTTER HEALTH CPMC-ST LUKE'S,ENG,B, , , ,CESAR CHAVEZ,ENG,R, ,415-6478600,0,N,N,N,18,1,50,0,"3555 CESAR CHAVEZ                                 SAN FRANCISCO, CA 94110",ENG,CESAR CHAVEZ,3555,"SAN FRANCISCO, CA",94110, 
-1,756087673,38232266,1,8060,EL CAMINO HOSPITAL-LOS GATOS-ER,ENG,B, , , , , ,R, ,408-3786131,0,N,N,N,9,0,80,0,"815 POLLARD RD                                    LOS GATOS, CA 95032",ENG,POLLARD RD,815,"LOS GATOS, CA",95032, 
-1,105632327,17553829,1,8060,SALINAS VALLEY MEMORIAL HOSPITAL,ENG,B, , , ,E ROMIE LN,ENG,L, ,831-7574333,0,N,N,N,11,1,30,0,"450 E ROMIE LN                                    SALINAS, CA 93901",ENG,E ROMIE LN,450,"SALINAS, CA",93901, 
-1,127827231,38232057,1,8060,ST LOUISE REGIONAL HOSPITAL-ER,ENG,B, , , , , ,R, ,408-8482000,0,N,N,N,6,0,80,0,"9400 NO NAME UNO                                  GILROY, CA 95020",ENG,NO NAME UNO,9400,"GILROY, CA",95020, 
-1,938638199,38231998,1,8060,JOHN MUIR MEDICAL CENTER-CONCORD-ER,ENG,B, , , , , ,L, ,925-6742333,0,N,N,N,15,0,90,0,"2540 EAST ST                                      CONCORD, CA 94520",ENG,EAST ST,2540,"CONCORD, CA",94520, 
-1,127827143,32001979,1,8060,WATSONVILLE COMMUNITY HOSPITAL,ENG,B, , , , , ,R, ,831-7244741,0,N,N,N,6,1,99,0,"75 NIELSON ST                                     WATSONVILLE, CA 95076",ENG,NIELSON ST,75,"WATSONVILLE, CA",95076, 
-1,127828930,38232277,1,8060,ALAMEDA HOSPITAL-ER,ENG,B, , , , , ,L, ,510-5234357,0,N,N,N,8,0,30,0,"2070 CLINTON AVE                                  ALAMEDA, CA 94501",ENG,CLINTON AVE,2070,"ALAMEDA, CA",94501, 
-1,127826318,38232017,1,8060,CONTRA COSTA REGIONAL MEDICAL CENTER-ER,ENG,B, , , ,STREET FOUR,ENG,R, ,925-3705170,0,N,N,N,11,0,90,0,"2500 ALHAMBRA AVE                                 MARTINEZ, CA 94553",ENG,ALHAMBRA AVE,2500,"MARTINEZ, CA",94553, 
-1,127826318,38232017,2,8060,CONTRA COSTA REGIONAL MED CTR-ER,ENG,J, , , ,STREET FOUR,ENG,R, ,925-3705170,0,N,N,N,11,0,90,0,"2500 ALHAMBRA AVE                                 MARTINEZ, CA 94553",ENG,ALHAMBRA AVE,2500,"MARTINEZ, CA",94553, 
-1,1203841003,38232341,1,8060,MILLS-PENINSULA MEDICAL CENTER-ER,ENG,B, , , , , ,L, ,650-6965500,0,N,N,N,12,0,6,0,"1501 TROUSDALE DR                                 BURLINGAME, CA 94010",ENG,TROUSDALE DR,1501,"BURLINGAME, CA",94010, 
-1,127826121,17553692,1,8060,SUTTER HEALTH CPMC-DAVIES CAMPUS,ENG,B, , , , , ,R, ,415-6006000,0,N,N,N,12,2,85,0,"45 CASTRO ST                                      SAN FRANCISCO, CA 94114",ENG,CASTRO ST,45,"SAN FRANCISCO, CA",94114, 
-1,839157446,38232005,1,8060,O'CONNOR HOSPITAL-ER,ENG,B, , , , , ,R, ,408-9472500,0,N,N,N,26,0,70,0,"2105 FOREST AVE                                   SAN JOSE, CA 95128",ENG,FOREST AVE,2105,"SAN JOSE, CA",95128, 
-1,127830009,38232383,1,8060,KAISER PERMANENTE-SAN FRANCISCO MEDICAL CENTER-ER,ENG,B, , , , , ,L, ,415-8332000,0,N,N,N,10,0,20,0,"2425 GEARY BLVD                                   SAN FRANCISCO, CA 94115",ENG,GEARY BLVD,2425,"SAN FRANCISCO, CA",94115, 
-1,127830009,38232383,2,8060,KAISER PERMANENTE-SAN FRANCISCO-ER,ENG,J, , , , , ,L, ,415-8332000,0,N,N,N,10,0,20,0,"2425 GEARY BLVD                                   SAN FRANCISCO, CA 94115",ENG,GEARY BLVD,2425,"SAN FRANCISCO, CA",94115, 
-1,1022524912,17553792,1,8060,NATIVIDAD MEDICAL CENTER,ENG,B, , , , , ,R, ,831-7554111,0,N,N,N,12,1,90,0,"1441 CONSTITUTION BLVD                            SALINAS, CA 93906",ENG,CONSTITUTION BLVD,1441,"SALINAS, CA",93906, 
-1,1212958920,38232010,1,8060,SANTA CLARA VALLEY MEDICAL CTR,ENG,B, , , , , ,R, ,408-8855000,0,N,N,N,22,7,44,0,"751 S BASCOM AVE                                  SAN JOSE, CA 95128",ENG,S BASCOM AVE,751,"SAN JOSE, CA",95128, 
-1,127829361,38232352,1,8060,SETON MEDICAL CENTER COASTSIDE-ER,ENG,B, , , , , ,R, ,650-5637100,0,N,N,N,1,0,1,0,"600 MARINE BLVD                                   MOSS BEACH, CA 94038",ENG,MARINE BLVD,600,"MOSS BEACH, CA",94038, 
-1,757453021,17553715,1,8060,GOOD SAMARITAN HOSPITAL-SAN JOSE,ENG,B, , , , , ,R, ,408-5592011,0,N,N,N,12,2,40,0,"2425 SAMARITAN DR                                 SAN JOSE, CA 95124",ENG,SAMARITAN DR,2425,"SAN JOSE, CA",95124,1
-1,722677504,844635998,1,8060,KAISER PERMANENTE-SANTA CLARA MEDICAL CENTER,ENG,B, , , , , ,L, ,408-8511000,0,N,N,N,8,3,80,0,"700 LAWRENCE EXPY                                 SANTA CLARA, CA 95051",ENG,LAWRENCE EXPY,700,"SANTA CLARA, CA",95051, 
-1,722677504,844635998,2,8060,KAISER PERMANENTE-SANTA CLARA,ENG,J, , , , , ,L, ,408-8511000,0,N,N,N,8,3,80,0,"700 LAWRENCE EXPY                                 SANTA CLARA, CA 95051",ENG,LAWRENCE EXPY,700,"SANTA CLARA, CA",95051, 
-1,127826110,38231989,1,8060,HIGHLAND HOSPITAL-ER,ENG,B, , , , , ,L, ,510-4374559,0,N,N,N,30,0,1,0,"1411 E 31ST ST                                    OAKLAND, CA 94602",ENG,E 31ST ST,1411,"OAKLAND, CA",94602, 
-1,799470353,17553675,1,8060,SUTTER HEALTH CPMC-PACIFIC CAMPUS,ENG,B,2333, , ,BUCHANAN ST,ENG,L, ,415-6006000,0,N,N,N,11,2,95,0, , , , , , , 
-1,127848878,38232275,1,8060,ALTA BATES SUMMIT MEDICAL CENTER-ALTA BATES CAMPUS-ER,ENG,B, , , , , ,R, ,510-2041303,0,N,N,N,18,0,30,0,"2450 ASHBY AVE                                    BERKELEY, CA 94705",ENG,ASHBY AVE,2450,"BERKELEY, CA",94705, 
-1,127848878,38232275,2,8060,AB SMT MED CTR-ALTA BATES CAMPUS-ER,ENG,J, , , , , ,R, ,510-2041303,0,N,N,N,18,0,30,0,"2450 ASHBY AVE                                    BERKELEY, CA 94705",ENG,ASHBY AVE,2450,"BERKELEY, CA",94705, 
-1,762825710,17553794,1,8060,NORTHBAY MEDICAL CENTER,ENG,B, , , , , ,R, ,707-6465000,0,N,N,N,7,1,99,0,"1200 B GALE WILSON BLVD                           FAIRFIELD, CA 94533",ENG,B GALE WILSON BLVD,1200,"FAIRFIELD, CA",94533, 
-1,914007090,38234699,1,8060,UCSF BENIOFF CHILDREN'S HOSPITAL-OAKLAND,ENG,B, , , , , ,R, ,510-4283000,0,N,N,N,29,1,45,0,"747 52ND ST                                       OAKLAND, CA 94609",ENG,52ND ST,747,"OAKLAND, CA",94609, 
-1,914007090,38234699,2,8060,BENIOFF CHILDREN'S HOSP-OAKLAND,ENG,J, , , , , ,R, ,510-4283000,0,N,N,N,29,1,45,0,"747 52ND ST                                       OAKLAND, CA 94609",ENG,52ND ST,747,"OAKLAND, CA",94609, 
-1,763935278,17553888,1,8060,SUTTER SOLANO MEDICAL CENTER,ENG,B, , , , , ,L, ,707-5544444,0,N,N,N,16,1,1,0,"300 HOSPITAL DR                                   VALLEJO, CA 94589",ENG,HOSPITAL DR,300,"VALLEJO, CA",94589, 
-1,1049940835,17557517,1,8060,HEALDSBURG DISTRICT HOSPITAL,ENG,B, , , , , ,R, ,707-4316500,0,N,N,N,8,1,12,0,"1375 UNIVERSITY AVE                               HEALDSBURG, CA 95448",ENG,UNIVERSITY AVE,1375,"HEALDSBURG, CA",95448, 
-1,23607701,38232382,1,8060,CHINESE HOSPITAL-ER,ENG,B,845, , ,JACKSON ST,ENG,R, ,415-6772300,0,N,N,N,11,0,80,0, , , , , , , 
-1,1111268162,38232009,1,8060,ZUCKERBERG SF GENERAL HOSPITAL-ER,ENG,B, , , , , ,L, ,628-2068000,0,N,N,N,22,0,60,0,"1001 POTRERO AVE                                  SAN FRANCISCO, CA 94110",ENG,POTRERO AVE,1001,"SAN FRANCISCO, CA",94110, 
-1,1111268162,38232009,2,8060,SAN FRANCISCO GENERAL HOSPITAL,ENG,S, , , , , ,L, ,628-2068000,0,N,N,N,22,0,60,0,"1001 POTRERO AVE                                  SAN FRANCISCO, CA 94110",ENG,POTRERO AVE,1001,"SAN FRANCISCO, CA",94110, 
-1,786703257,17553840,1,8060,SAN LEANDRO HOSPITAL,ENG,B, , , , , ,L, ,510-3576500,0,N,N,N,21,1,20,0,"13855 E 14TH ST                                   SAN LEANDRO, CA 94578",ENG,E 14TH ST,13855,"SAN LEANDRO, CA",94578, 
-1,127826265,17553879,1,8060,ST ROSE HOSPITAL,ENG,B, , , , , ,L, ,510-2644000,0,N,N,N,13,1,72,0,"27200 CALAROGA AVE                                HAYWARD, CA 94545",ENG,CALAROGA AVE,27200,"HAYWARD, CA",94545, 
-1,127828599,17553748,1,8060,KAISER PERMANENTE-SAN RAFAEL MEDICAL CENTER,ENG,B, , , , , ,R, ,415-4442000,0,N,N,N,9,1,50,0,"99 MONTECILLO RD                                  SAN RAFAEL, CA 94903",ENG,MONTECILLO RD,99,"SAN RAFAEL, CA",94903, 
-1,127828599,17553748,2,8060,KAISER PERMANENTE-SAN RAFAEL,ENG,J, , , , , ,R, ,415-4442000,0,N,N,N,9,1,50,0,"99 MONTECILLO RD                                  SAN RAFAEL, CA 94903",ENG,MONTECILLO RD,99,"SAN RAFAEL, CA",94903, 
-1,127828372,17553698,1,8060,DOMINICAN HOSPITAL,ENG,B, , , , , ,R, ,866-7074702,0,N,N,N,9,1,50,0,"1555 SOQUEL DR                                    SANTA CRUZ, CA 95065",ENG,SOQUEL DR,1555,"SANTA CRUZ, CA",95065, 
-1,762810810,38232268,1,8060,COMMUNITY HOSPITAL OF THE MONTEREY PENINSULA-ER,ENG,B, , , , , ,L, ,831-6254900,0,N,N,N,2,0,1,0,"23625 HOLMAN HWY                                  MONTEREY, CA 93940",ENG,HOLMAN HWY,23625,"MONTEREY, CA",93940, 
-1,762810810,38232268,2,8060,COMMUNITY HOSPITAL-MONTEREY-ER,ENG,J, , , , , ,L, ,831-6254900,0,N,N,N,2,0,1,0,"23625 HOLMAN HWY                                  MONTEREY, CA 93940",ENG,HOLMAN HWY,23625,"MONTEREY, CA",93940, 
-1,1212907131,38232004,1,8060,NOVATO COMMUNITY HOSPITAL-ER,ENG,B, , , , , ,R, ,415-2091350,0,N,N,N,10,0,98,0,"180 ROWLAND WAY                                   NOVATO, CA 94945",ENG,ROWLAND WAY,180,"NOVATO, CA",94945, 
-1,766659256,38232050,1,8060,WATSONVILLE COMMUNITY HOSPITAL-ER,ENG,B, , , , , ,L, ,831-7244741,0,N,N,N,7,0,50,0,"75 NIELSON ST                                     WATSONVILLE, CA 95076",ENG,NIELSON ST,75,"WATSONVILLE, CA",95076, 
-1,938786518,1024102703,1,8060,KAISER PERMANENTE ANTIOCH MEDICAL CENTER,ENG,B, , , , , ,R, ,925-8136500,0,N,N,N,0,1,56,0,"4501 SAND CREEK RD                                ANTIOCH, CA 94531",ENG,SAND CREEK RD,4501,"ANTIOCH, CA",94531, 
-1,938786518,1024102703,2,8060,KAISER PERMANENTE ANTIOCH MED CTR,ENG,J, , , , , ,R, ,925-8136500,0,N,N,N,0,1,56,0,"4501 SAND CREEK RD                                ANTIOCH, CA 94531",ENG,SAND CREEK RD,4501,"ANTIOCH, CA",94531, 
-1,127828408,38232141,1,8060,VACAVALLEY HOSPITAL-ER,ENG,B, , , , , ,R, ,707-6247000,0,N,N,N,11,0,99,0,"1000 NUT TREE RD                                  VACAVILLE, CA 95687",ENG,NUT TREE RD,1000,"VACAVILLE, CA",95687, 
-1,915357047,17553797,1,8060,NOVATO COMMUNITY HOSPITAL,ENG,B, , , , , ,R, ,415-2091300,0,N,N,N,8,1,99,0,"180 ROWLAND WAY                                   NOVATO, CA 94945",ENG,ROWLAND WAY,180,"NOVATO, CA",94945, 
-1,23667234,17553742,1,8060,KAISER PERMANENTE-RICHMOND MEDICAL CENTER,ENG,B,901, , ,NEVIN AVE,ENG,L, ,510-3071500,0,N,N,N,20,1,20,0, , , , , , , 
-1,23667234,17553742,2,8060,KAISER PERMANENTE-RICHMOND MED,ENG,J,901, , ,NEVIN AVE,ENG,L, ,510-3071500,0,N,N,N,20,1,20,0, , , , , , , 
-1,127826110,17553656,1,8060,HIGHLAND HOSPITAL,ENG,B, , , , , ,L, ,510-4374800,0,N,N,N,29,1,1,0,"1411 E 31ST ST                                    OAKLAND, CA 94602",ENG,E 31ST ST,1411,"OAKLAND, CA",94602, 
-1,127828643,38232251,1,8060,KAISER PERMANENTE SAN JOSE MEDICAL CENTER-ER,ENG,B, , , , , ,L, ,408-9727777,0,N,N,N,11,0,77,0,"250 HOSPITAL PKWY                                 SAN JOSE, CA 95119",ENG,HOSPITAL PKWY,250,"SAN JOSE, CA",95119, 
-1,127828643,38232251,2,8060,KAISER PERMANENTE SAN JOSE-ER,ENG,J, , , , , ,L, ,408-9727777,0,N,N,N,11,0,77,0,"250 HOSPITAL PKWY                                 SAN JOSE, CA 95119",ENG,HOSPITAL PKWY,250,"SAN JOSE, CA",95119, 
-1,127827126,31994344,1,8060,MEE MEMORIAL HOSPITAL,ENG,B, , , , , ,L, ,831-3856000,0,N,N,N,6,1,30,0,"300 CANAL ST                                      KING CITY, CA 93930",ENG,CANAL ST,300,"KING CITY, CA",93930, 
-1,1049860694,38232059,1,8060,HEALDSBURG DISTRICT HOSPITAL-ER,ENG,B, , , , , ,L, ,707-4316300,0,N,N,N,9,0,98,0,"1375 UNIVERSITY AVE                               HEALDSBURG, CA 95448",ENG,UNIVERSITY AVE,1375,"HEALDSBURG, CA",95448, 
-1,783506821,38232354,1,8060,KAISER PERMANENTE-SOUTH SAN FRANCISCO MEDICAL CENTER-ER,ENG,B, , , , , ,L, ,650-7422511,0,N,N,N,15,0,30,0,"1200 EL CAMINO REAL                               SOUTH SAN FRANCISCO, CA 94080",ENG,EL CAMINO REAL,1200,"SOUTH SAN FRANCISCO, CA",94080, 
-1,783506821,38232354,2,8060,KAISER PERMANENTE-SOUTH SF-ER,ENG,J, , , , , ,L, ,650-7422511,0,N,N,N,15,0,30,0,"1200 EL CAMINO REAL                               SOUTH SAN FRANCISCO, CA 94080",ENG,EL CAMINO REAL,1200,"SOUTH SAN FRANCISCO, CA",94080, 
-1,839157450,17553798,1,8060,O'CONNOR HOSPITAL,ENG,B, , , , , ,R, ,408-9472500,0,N,N,N,25,3,70,0,"2105 FOREST AVE                                   SAN JOSE, CA 95128",ENG,FOREST AVE,2105,"SAN JOSE, CA",95128, 
-1,127827042,17553753,1,8060,KAISER PERMANENTE-WALNUT CREEK MEDICAL CENTER,ENG,B, , , , , ,L, ,925-2954000,0,N,N,N,15,1,20,0,"1425 S MAIN ST                                    WALNUT CREEK, CA 94596",ENG,S MAIN ST,1425,"WALNUT CREEK, CA",94596, 
-1,127827042,17553753,2,8060,KAISER PERMANENTE-WALNUT CREEK,ENG,J, , , , , ,L, ,925-2954000,0,N,N,N,15,1,20,0,"1425 S MAIN ST                                    WALNUT CREEK, CA 94596",ENG,S MAIN ST,1425,"WALNUT CREEK, CA",94596, 
-1,917937929,38231997,1,8060,EL CAMINO HOSPITAL-MOUNTAIN VIEW-ER,ENG,B, , , , , ,R, ,650-9407055,0,N,N,N,15,0,99,0,"2500 GRANT RD                                     MOUNTAIN VIEW, CA 94040",ENG,GRANT RD,2500,"MOUNTAIN VIEW, CA",94040, 
-1,127828810,38232267,1,8060,DOMINICAN HOSPITAL-ER,ENG,B, , , , , ,L, ,866-7074702,0,N,N,N,10,0,30,0,"1555 SOQUEL DR                                    SANTA CRUZ, CA 95065",ENG,SOQUEL DR,1555,"SANTA CRUZ, CA",95065, 
-1,762822585,38232278,1,8060,VALLEYCARE MEDICAL CENTER-ER,ENG,B, , , , , ,L, ,925-8473000,0,N,N,N,11,0,20,0,"5555 W LAS POSITAS BLVD                           PLEASANTON, CA 94588",ENG,W LAS POSITAS BLVD,5555,"PLEASANTON, CA",94588, 
-1,1212907347,38232149,1,8060,KAISER PERMANENTE-SAN RAFAEL MEDICAL CENTER-ER,ENG,B, , , , , ,L, ,415-4442400,0,N,N,N,10,0,20,0,"99 MONTECILLO RD                                  SAN RAFAEL, CA 94903",ENG,MONTECILLO RD,99,"SAN RAFAEL, CA",94903, 
-1,1212907347,38232149,2,8060,KAISER PERMANENTE-SAN RAFAEL-ER,ENG,J, , , , , ,L, ,415-4442400,0,N,N,N,10,0,20,0,"99 MONTECILLO RD                                  SAN RAFAEL, CA 94903",ENG,MONTECILLO RD,99,"SAN RAFAEL, CA",94903, 
-1,913947754,38232342,1,8060,MILLS-PENINSULA MEDICAL CENTER,ENG,B, , , , , ,R, ,650-6965400,0,N,N,N,11,1,85,0,"1501 TROUSDALE DR                                 BURLINGAME, CA 94010",ENG,TROUSDALE DR,1501,"BURLINGAME, CA",94010, 
-1,727562278,17553896,1,8060,UCSF MEDICAL CENTER-PARNASSUS,ENG,B, , , , , ,R, ,415-4761000,0,N,N,N,1,3,50,0,"505 PARNASSUS AVE                                 SAN FRANCISCO, CA 94143",ENG,PARNASSUS AVE,505,"SAN FRANCISCO, CA",94143, 
-1,727562278,17553896,2,8060,UC SAN FRANCISCO MEDICAL CENTER,ENG,S, , , , , ,R, ,415-4761000,0,N,N,N,1,3,50,0,"505 PARNASSUS AVE                                 SAN FRANCISCO, CA 94143",ENG,PARNASSUS AVE,505,"SAN FRANCISCO, CA",94143, 
-1,1212960341,38232140,1,8060,SAN RAMON REGIONAL MEDICAL CTR-ER,ENG,B, , , , , ,L, ,925-2759200,0,N,N,N,5,0,39,0,"6001 NORRIS CANYON RD                             SAN RAMON, CA 94583",ENG,NORRIS CANYON RD,6001,"SAN RAMON, CA",94583, 
-1,127826244,38232011,1,8060,SANTA ROSA MEMORIAL HOSPITAL-ER,ENG,B, , , , , ,R, ,707-5255300,0,N,N,N,12,0,99,0,"1165 MONTGOMERY DR                                SANTA ROSA, CA 95405",ENG,MONTGOMERY DR,1165,"SANTA ROSA, CA",95405, 
-1,1076168337,17553686,1,8060,SUTTER SANTA ROSA REGIONAL HOSP,ENG,B, , , , , ,L, ,707-5764000,0,N,N,N,8,1,70,0,"30 MARK WEST SPRINGS RD                           SANTA ROSA, CA 95403",ENG,MARK WEST SPRINGS RD,30,"SANTA ROSA, CA",95403, 
-1,127828408,17553902,1,8060,VACAVALLEY HOSPITAL,ENG,B, , , , , ,R, ,707-6247000,0,N,N,N,10,1,99,0,"1000 NUT TREE RD                                  VACAVILLE, CA 95687",ENG,NUT TREE RD,1000,"VACAVILLE, CA",95687, 
-1,1054623749,17553740,1,8060,KAISER PERMANENTE-OAKLAND MEDICAL CENTER,ENG,B, , , , , ,L, ,510-7521000,0,N,N,N,33,1,5,0,"3600 BROADWAY                                     OAKLAND, CA 94611",ENG,BROADWAY,3600,"OAKLAND, CA",94611, 
-1,1054623749,17553740,2,8060,KAISER PERMANENTE-OAKLAND MED,ENG,J, , , , , ,L, ,510-7521000,0,N,N,N,33,1,5,0,"3600 BROADWAY                                     OAKLAND, CA 94611",ENG,BROADWAY,3600,"OAKLAND, CA",94611, 
-1,763679662,38232058,1,8060,SONOMA VALLEY HOSPITAL-ER,ENG,B, , , , , ,L, ,707-9355100,0,N,N,N,1,0,45,0,"347 ANDRIEUX ST                                   SONOMA, CA 95476",ENG,ANDRIEUX ST,347,"SONOMA, CA",95476, 
-1,127828460,17553869,1,8060,ADVENTIST HEALTH-ST HELENA,ENG,B, , , , , ,L, ,707-9633611,0,N,N,N,0,1,20,0,"10 WOODLAND RD                                    ST HELENA, CA 94574",ENG,WOODLAND RD,10,"ST HELENA, CA",94574, 
-1,1212954558,1023839330,1,8060,KAISER PERMANENTE-FREMONT MEDICAL CENTER,ENG,B, , , , , ,L, ,510-2483000,0,N,N,N,6,1,98,0,"39400 PASEO PADRE PKWY                            FREMONT, CA 94538",ENG,PASEO PADRE PKWY,39400,"FREMONT, CA",94538, 
-1,1212954558,1023839330,2,8060,KAISER PERMANENTE-FREMONT,ENG,J, , , , , ,L, ,510-2483000,0,N,N,N,6,1,98,0,"39400 PASEO PADRE PKWY                            FREMONT, CA 94538",ENG,PASEO PADRE PKWY,39400,"FREMONT, CA",94538, 
-1,810880223,1023839331,1,8060,KAISER PERMANENTE-FREMONT MEDICAL CENTER-ER,ENG,B, , , , , ,R, ,510-2483000,0,N,N,N,7,0,50,0,"39400 PASEO PADRE PKWY                            FREMONT, CA 94538",ENG,PASEO PADRE PKWY,39400,"FREMONT, CA",94538, 
-1,810880223,1023839331,2,8060,KAISER PERMANENTE-FREMONT-ER,ENG,J, , , , , ,R, ,510-2483000,0,N,N,N,7,0,50,0,"39400 PASEO PADRE PKWY                            FREMONT, CA 94538",ENG,PASEO PADRE PKWY,39400,"FREMONT, CA",94538, 
-1,927127349,1136268145,1,8060,KAISER PERMANENTE-VACAVILLE MEDICAL CENTER-ER,ENG,B, , , , , ,R, ,707-6244000,0,N,N,N,9,0,60,0,"1 QUALITY DR                                      VACAVILLE, CA 95688",ENG,QUALITY DR,1,"VACAVILLE, CA",95688, 
-1,927127349,1136268145,2,8060,KAISER PERMANENTE-VACAVILLE CTR-ER,ENG,J, , , , , ,R, ,707-6244000,0,N,N,N,9,0,60,0,"1 QUALITY DR                                      VACAVILLE, CA 95688",ENG,QUALITY DR,1,"VACAVILLE, CA",95688, 
-1,1103846400,998753838,1,8060,UCSF BENIOFF CHILDREN'S HOSPITAL-ER,ENG,B, , , , , ,R, ,415-3531818,0,N,N,N,14,0,20,0,"1975 4TH ST                                       SAN FRANCISCO, CA 94158",ENG,4TH ST,1975,"SAN FRANCISCO, CA",94158, 
-1,1103846401,998753837,1,8060,UCSF BENIOFF CHILDREN'S HOSPITAL,ENG,B,1975, , ,4TH ST,ENG,R, ,415-3533000,0,N,N,N,13,1,40,0, , , , , , , 